"","date","ipca","custo_m2","pim_pf_bens_consumo","pmc_volume","cambio","pib_mensal","igp_m","igp_di","m1","m2","m3","m4","estoque_caged","saldo_bc","vendas_auto","divida_liquida_spc","ltn","ir","ibovespa","consumo_energia","brent_fob","seguro_desemprego","expectativa_ipca_h_12","expectativa_ipca_h_11","expectativa_ipca_h_10","expectativa_ipca_h_9","expectativa_ipca_h_8","expectativa_ipca_h_7","expectativa_ipca_h_6","expectativa_ipca_h_5","expectativa_ipca_h_4","expectativa_ipca_h_3","expectativa_ipca_h_2","expectativa_ipca_h_1"
"1",2002-12-01,2.1,NA,-1.5,NA,3.6259,130241.2,3.75,2.7,104796074,400341786,691107613,800035851,21587374,1711.3,101350,59.93,32.2011896551724,8185.507478,7.23258469737342,24949,27.8403571428571,NA,0.7,0.8,0.72,0.75,0.66,1,1.4,0.9,0.79,0.79,0.7,0.76
"2",2003-01-01,2.25,NA,-0.8,NA,3.4384,125711.1,2.33,2.17,101244913,391237088,696054502,810272451,21622859,1059.3,94946,59.97,28.1197068965517,8901.340339,-2.90202342917998,25152,31.1465517241379,NA,0.55,0.71,0.7,0.75,0.7,0.7,0.9,1.35,0.89,0.74,0.7,0.7
"3",2003-02-01,1.57,NA,-0.9,NA,3.5908,131383,2.28,1.59,94540598,393976058,706788435,815745074,21706888,1022.7,94160,60.26,29.6848321428571,7025.996173,-6.04149529293483,24965,32.4267857142857,NA,0.58,0.55,0.7,0.7,0.72,0.7,0.65,0.88,1.41,0.8,0.67,0.66
"4",2003-03-01,1.23,NA,-0.3,NA,3.4469,140147.5,1.53,1.66,92128694,388142457,710712013,820859498,21728149,1437.3,80693,58.46,28.1380866666667,6576.185406,9.65953307392997,25281,31.2406451612903,NA,0.6,0.52,0.6,0.7,0.66,0.7,0.67,0.65,0.8,1.47,0.79,0.65
"5",2003-04-01,0.97,NA,-0.5,NA,3.1187,141003.2,0.92,0.41,90394890,385467653,712800120,823489095,21882173,1616.2,85496,54.44,25.63649,9123.114412,11.3811762618646,24787,25.4233333333333,NA,0.48,0.52,0.5,0.6,0.7,0.61,0.66,0.6,0.6,0.8,1.45,0.72
"6",2003-05-01,0.61,NA,-0.8,NA,2.9557,140058.2,-0.26,-0.67,87986711,388490690,721321334,833412205,22022486,2434.4,82212,54.96,23.5864433333333,8327.687992,6.88913666772857,24889,25.5635483870968,NA,0.55,0.43,0.57,0.5,0.62,0.72,0.56,0.65,0.56,0.6,0.71,1.4
"7",2003-06-01,-0.15,NA,0.4,NA,2.8832,137926,-1,-0.7,88239048,386338027,731530105,840397699,22148281,2262.3,76772,54.42,22.7230896551724,6128.418902,-3.34550331569927,24535,27.4656666666667,NA,0.9,0.5,0.4,0.6,0.5,0.6,0.74,0.59,0.62,0.55,0.51,0.7
"8",2003-07-01,0.2,NA,-0.7,NA,2.8798,144626,-0.42,-0.2,88866559,388813938,749105032,856697017,22185514,1964.7,87566,55.11,21.3590451612903,8036.162038,4.61763798951589,24443,28.3638709677419,NA,0.55,0.8,0.5,0.4,0.55,0.45,0.56,0.7,0.52,0.6,0.55,0.5
"9",2003-08-01,0.34,NA,1.1,NA,3.0025,144367.2,0.38,0.62,88725657,390970738,766249499,871210770,22265286,2585.1,76417,55.49,21.2700225806452,6177.464148,11.8119519563776,24629,29.6196774193548,NA,0.4,0.5,0.75,0.48,0.4,0.5,0.42,0.5,0.65,0.53,0.6,0.5
"10",2003-09-01,0.78,NA,2.1,NA,2.9228,150356.6,1.18,1.05,89214043,392149375,779958060,888610164,22427051,2558.6,98472,54.73,18.8497766666667,6662.566047,5.50942401476209,24621,27.2293333333333,NA,0.45,0.4,0.51,0.7,0.45,0.35,0.5,0.4,0.5,0.6,0.5,0.55
"11",2003-10-01,0.29,NA,2,NA,2.8615,158352.2,0.38,0.44,90246083,390099002,791844332,894333590,22497921,2424.8,115884,53.8,18.0087838709677,8572.390958,12.317301686446,25715,29.5864516129032,NA,0.47,0.45,0.4,0.5,0.7,0.45,0.4,0.5,0.4,0.49,0.6,0.5
"12",2003-11-01,0.34,NA,1.3,NA,2.9138,154756.8,0.49,0.48,93216911,401818084,814963841,921918579,22532725,1567.3,106573,54.22,17.3643133333333,8518.043961,12.2400177955734,25786,28.7083333333333,NA,0.47,0.47,0.45,0.4,0.5,0.7,0.45,0.4,0.5,0.4,0.45,0.6
"13",2003-12-01,0.52,NA,-2,NA,2.9253,149262.6,0.61,0.6,108009635,416247543,841738413,953804538,22232807,2643.4,139769,54.26,15.9419366666667,8968.09287,10.1719268691473,26189,29.779,NA,0.5,0.5,0.48,0.45,0.4,0.5,0.7,0.45,0.35,0.5,0.4,0.5
"14",2004-01-01,0.76,NA,1.4,6.4,2.8518,142458.5,0.88,0.8,105874287,408357097,850484302,968637026,22360904,1507.1,87469,54.05,15.4934566666667,10234.147981,-1.73142651556035,25393,31.266,14,0.43,0.5,0.5,0.45,0.45,0.4,0.5,0.66,0.4,0.35,0.45,0.4
"15",2004-02-01,0.61,NA,0.1,4.9,2.9303,141650.7,0.69,1.08,103613775,411584365,860505531,981337578,22525980,1897.7,84154,53.8,15.648925,7608.514015,-0.439339160679142,24906,30.6486206896552,13,0.33,0.41,0.5,0.45,0.43,0.43,0.4,0.5,0.6,0.4,0.35,0.4
"16",2004-03-01,0.47,NA,1.3,18.9,2.9055,160674.2,1.13,0.93,102446398,413528931,870826987,989838137,22652899,2462.5,112498,53.19,15.5521677419355,8282.450074,1.77890140197656,25499,33.6632258064516,12,0.36,0.35,0.46,0.5,0.45,0.41,0.41,0.4,0.5,0.62,0.4,0.32
"17",2004-04-01,0.37,NA,0.4,12.1,2.906,159111.3,1.21,1.15,104090412,415095168,876412419,995559726,22863415,1841.5,89824,52.91,15.6708357142857,9456.799141,-11.4488302773011,26085,33.3466666666667,11,0.3,0.35,0.32,0.46,0.5,0.46,0.44,0.4,0.41,0.5,0.66,0.4
"18",2004-05-01,0.51,NA,0.6,12.7,3.1004,160113.8,1.31,1.46,104380309,429712981,908888294,1012425016,23185012,2995.7,97442,53.45,17.7826580645161,7192.292309,-0.321313816494107,26373,37.2948387096774,11,0.4,0.3,0.37,0.35,0.47,0.5,0.46,0.44,0.4,0.43,0.5,0.7
"19",2004-06-01,0.71,NA,1.4,17.1,3.1291,162569.9,1.38,1.29,105659189,437868637,916975348,1024499285,23420964,3668,104569,52.83,18.1826931034483,7909.275248,8.20712239050347,26189,35.5513333333333,11,0.6,0.42,0.34,0.4,0.35,0.5,0.55,0.5,0.47,0.42,0.45,0.52
"20",2004-07-01,0.91,NA,-0.2,13.2,3.0368,168215.1,1.31,1.14,108211272,443323859,927486531,1038909105,23654218,3321.6,108075,52.07,17.2618193548387,8744.342705,5.61755248723284,26389,37.4309677419355,14,0.5,0.68,0.45,0.35,0.38,0.36,0.5,0.55,0.5,0.5,0.44,0.5
"21",2004-08-01,0.69,NA,1.7,12.2,3.0029,168069.3,1.22,1.31,107906988,451798704,939986824,1047129333,23909241,3317.9,103498,51.44,18.0170064516129,7510.402429,2.09079512893984,26674,42.7567741935484,14,0.4,0.5,0.7,0.46,0.34,0.37,0.4,0.5,0.59,0.5,0.55,0.45
"22",2004-09-01,0.33,NA,1.3,9.6,2.8911,168968,0.69,0.48,111338377,458676647,949435412,1061114243,24146177,3044.2,109521,50.86,18.1674689655172,8051.916128,1.93834144630092,27305,42.5376666666667,11,0.45,0.4,0.5,0.7,0.46,0.37,0.39,0.4,0.5,0.6,0.5,0.55
"23",2004-10-01,0.44,NA,-0.8,7.2,2.8529,174389.4,0.39,0.53,114987609,464622126,959613747,1072347469,24295754,2879.3,108757,50.75,17.90073,8936.839077,-0.830286083028609,27626,49.5590322580645,13,0.4,0.4,0.4,0.5,0.7,0.49,0.38,0.4,0.4,0.5,0.6,0.52
"24",2004-11-01,0.69,NA,1.3,9.3,2.786,178016,0.82,0.82,114887070,472370296,974733631,1087722745,24391181,1959.7,110275,50.05,18.302975862069,6784.382827,9.00572618427902,27399,43.3416666666667,17,0.45,0.4,0.4,0.4,0.5,0.7,0.5,0.38,0.4,0.4,0.5,0.6
"25",2004-12-01,0.86,NA,2.1,10.7,2.7182,173515.1,0.74,0.52,128842721,495042691,990547645,1104058299,24029342,3388.5,142548,50.19,18.0577903225806,12278.081987,4.2502387774594,27590,39.9087096774194,11,0.5,0.45,0.4,0.4,0.4,0.5,0.7,0.48,0.37,0.4,0.4,0.55
"26",2005-01-01,0.58,NA,1.6,7.5,2.693,161645.2,0.39,0.33,126052085,490235409,995464144,1108249718,24180398,2132.4,83563,49.56,18.5334032258065,10796.3441304453,-8.5051152847763,27803,43.838064516129,11,0.43,0.45,0.44,0.4,0.4,0.4,0.48,0.65,0.45,0.35,0.4,0.4
"27",2005-02-01,0.59,NA,-1.4,0.8,2.5978,159967.2,0.3,0.4,122417451,493606417,1008398675,1124314202,24279707,2709.5,90749,49.3,19.041962962963,8000.354383,17.4023698264352,27117,45.0232142857143,12,0.3,0.41,0.5,0.43,0.4,0.4,0.39,0.48,0.66,0.45,0.35,0.4
"28",2005-03-01,0.61,NA,0.6,4.1,2.7047,178097.9,0.85,0.99,121519884,503251673,1027786068,1145318592,24409987,3259.8,118713,49.31,19.0143774193548,9802.21039899663,-5.43373964959665,27827,52.9783870967742,13,0.4,0.4,0.41,0.48,0.45,0.4,0.4,0.38,0.46,0.65,0.44,0.35
"29",2005-04-01,0.87,NA,0.1,3.3,2.5792,177915.9,0.86,0.51,119486999,503512158,1033637671,1152572654,24713797,3811.4,109241,48.32,19.4419862068966,11192.2331116302,-6.64036076662908,28511,51.8586666666667,13,0.35,0.4,0.4,0.45,0.45,0.45,0.4,0.36,0.37,0.45,0.62,0.4
"30",2005-05-01,0.49,NA,3.2,1.6,2.4528,178126.3,-0.22,-0.25,118114508,505887925,1040046083,1161520593,24961160,3363,114257,47.94,19.1919633333333,8732.88715817477,1.46520146520146,27766,48.8358064516129,16,0.35,0.36,0.4,0.4,0.45,0.46,0.45,0.4,0.35,0.35,0.43,0.6
"31",2005-06-01,-0.02,NA,-2.3,3.1,2.4135,179515.2,-0.44,-0.45,120023226,513644026,1050018485,1174288144,25184869,3909.8,117502,48.04,18.6643733333333,12705.3030195313,-0.618875709128419,27788,53.491,16,0.45,0.36,0.37,0.4,0.4,0.42,0.47,0.45,0.4,0.37,0.37,0.4
"32",2005-07-01,0.25,NA,0.8,0.7,2.3735,181671.6,-0.34,-0.4,122319288,518947452,1070923797,1195820490,25329736,4914.3,110037,48.14,18.3461,9509.91260180366,3.95592990299789,27564,57.308064516129,14,0.4,0.5,0.36,0.35,0.4,0.4,0.45,0.48,0.45,0.4,0.39,0.4
"33",2005-08-01,0.17,NA,-0.5,5.6,2.3606,186714.7,-0.65,-0.79,121923455,527379554,1087502947,1213930778,25489462,3536.8,120663,47.95,18.4510677419355,9401.12196445154,7.68758159895553,27784,63.3990322580645,14,0.3,0.4,0.45,0.35,0.35,0.4,0.39,0.45,0.48,0.45,0.4,0.4
"34",2005-09-01,0.35,NA,-3.9,2,2.2944,184472.8,-0.53,-0.13,123969884,537869645,1109859415,1234582849,25719119,4235.9,115394,47.65,18.287175,8724.25735765914,12.6194551419198,28216,63.4013333333333,15,0.35,0.3,0.36,0.46,0.35,0.35,0.4,0.38,0.43,0.45,0.44,0.4
"35",2005-10-01,0.75,NA,0.5,1.7,2.2565,192952.2,0.6,0.63,124088037,538102576,1114684624,1243711933,25853544,3568,110990,47.53,18.0637137931034,10442.9586895417,-4.40110185859481,28280,58.9745161290323,13,0.37,0.35,0.3,0.35,0.45,0.35,0.3,0.39,0.37,0.41,0.43,0.4
"36",2005-11-01,0.55,NA,2.8,3.6,2.2108,196416.4,0.4,0.33,126389576,548097119,1138403099,1267334878,25882069,3962.1,129176,47.42,17.4767925925926,9790.24189968619,5.7066207399066,28662,55.779,13,0.4,0.38,0.35,0.31,0.35,0.45,0.32,0.3,0.39,0.38,0.42,0.42
"37",2005-12-01,0.36,NA,4.4,3.3,2.2855,193089,-0.01,0.07,144418005,580696410,1166453388,1298800583,25590875,4318.5,149090,47.92,16.8038580645161,15884.86825,4.82203283619502,28599,56.424,14,0.4,0.4,0.38,0.35,0.33,0.35,0.44,0.32,0.3,0.37,0.34,0.45
"38",2006-01-01,0.59,NA,-0.8,3.9,2.2739,181703.8,0.92,0.72,139814118,565857853,1182375081,1310962889,25709314,2758.4,107035,47.82,16.299535483871,10965.68929945,14.7272455537289,30786,62.2567741935484,17,0.35,0.4,0.4,0.38,0.35,0.32,0.35,0.42,0.3,0.3,0.37,0.35
"39",2006-02-01,0.41,NA,3.2,3.8,2.1619,176995.3,0.01,-0.06,133692429,573618535,1204760611,1330324436,25918756,2711.6,103476,47.78,15.6743178571429,9459.331292,0.594028450836337,30185,60.5653571428571,16,0.35,0.4,0.4,0.4,0.38,0.35,0.3,0.35,0.4,0.31,0.3,0.35
"40",2006-03-01,0.43,NA,-2.9,3.9,2.152,195571.4,-0.23,-0.45,134022978,577567486,1217947577,1338582920,26023062,3582.9,125225,47.66,15.0882966666667,10439.405696,-1.70681170681171,31206,61.4564516129032,17,0.35,0.35,0.37,0.4,0.4,0.38,0.35,0.3,0.35,0.4,0.3,0.3
"41",2006-04-01,0.21,NA,0.7,2.7,2.1293,188584.2,-0.42,0.02,133081709,578426578,1225507675,1344867247,26295725,2957.3,104459,47.14,14.8112366666667,12919.984063,6.35556375326078,29635,69.687,17,0.3,0.33,0.35,0.38,0.4,0.39,0.38,0.34,0.3,0.32,0.39,0.27
"42",2006-05-01,0.1,NA,-0.7,8.7,2.1781,198732.6,0.38,0.38,134105261,592703839,1245562990,1368336835,26530117,2884.7,131494,47.02,15.0133193548387,9442.171081,-9.49632088794192,29375,69.9774193548387,18,0.33,0.3,0.34,0.35,0.38,0.4,0.4,0.38,0.35,0.3,0.33,0.35
"43",2006-06-01,-0.21,NA,-0.7,1.8,2.2483,194660.1,0.75,0.67,135986740,599137480,1251909775,1374954765,26717518,3959.6,117748,46.96,15.3001482758621,14232.254079,0.273747604708463,28651,68.045,15,0.37,0.3,0.3,0.34,0.35,0.39,0.4,0.4,0.4,0.35,0.32,0.35
"44",2006-07-01,0.19,NA,0.4,6.6,2.1893,203497.8,0.18,0.17,139345581,603661585,1263276121,1396099933,26901286,5518.8,134895,46.83,14.6813935483871,10641.061323,1.22031122031121,28406,73.3958064516129,17,0.3,0.37,0.3,0.3,0.35,0.35,0.4,0.42,0.4,0.41,0.4,0.35
"45",2006-08-01,0.05,NA,-0.8,7.8,2.1559,208796.1,0.37,0.41,140238803,605988723,1274572866,1411523726,27059488,4504.4,144285,46.62,14.4001290322581,9588.240933,-2.27,29400,73.8716129032258,18,0.3,0.34,0.39,0.3,0.3,0.35,0.35,0.4,0.45,0.45,0.45,0.4
"46",2006-09-01,0.21,NA,-0.2,10.2,2.1687,205553.8,0.29,0.24,146036125,610457741,1292498222,1430836318,27269180,4326.5,128767,46.57,13.8350482758621,10715.805651,0.59,29421,62.7873333333333,15,0.35,0.3,0.32,0.37,0.3,0.3,0.34,0.35,0.4,0.41,0.4,0.4
"47",2006-10-01,0.33,NA,1,10.8,2.1483,219040.8,0.47,0.81,148772530,620241096,1309590910,1449901658,27416258,3835,141649,46.17,13.3815,11797.649385,7.71,29660,58.0358064516129,16,0.35,0.33,0.3,0.32,0.37,0.3,0.26,0.31,0.35,0.4,0.4,0.34
"48",2006-11-01,0.31,NA,1.1,10,2.1579,220983.2,0.75,0.57,152694671,634750381,1340098738,1484533006,27463859,3187.7,148720,46.01,13.0194481481481,9639.096651,6.79,30645,58.3193333333333,15,0.33,0.35,0.33,0.3,0.3,0.35,0.25,0.25,0.32,0.35,0.4,0.4
"49",2006-12-01,0.48,NA,1.4,5.8,2.1499,215330.9,0.32,0.26,169733934,657427293,1365957852,1506072045,27140477,4951,168486,46.49,12.6350225806452,16662.61527,6.06,30604,62.4256666666667,16,0.35,0.35,0.35,0.34,0.3,0.3,0.33,0.25,0.25,0.31,0.32,0.44
"50",2007-01-01,0.44,NA,-1.3,10.2,2.1385,206665.4,0.5,0.43,166674006,641559137,1381091644,1529980880,27281152,2443.8,123388,45.95,12.4529032258065,13117.1808248786,0.38,30670,53.8448387096774,19,0.39,0.36,0.36,0.36,0.35,0.3,0.3,0.3,0.24,0.25,0.3,0.31
"51",2007-02-01,0.44,NA,1.6,12,2.0963,201550.6,0.27,0.23,160264916,642580488,1395941954,1549641416,27456887,2780.3,118806,45.86,12.2406222222222,10590.6724628228,-1.67,30415,57.0439285714286,19,0.3,0.4,0.4,0.38,0.35,0.33,0.3,0.3,0.3,0.2,0.25,0.3
"52",2007-03-01,0.37,NA,-0.1,13,2.0887,223206.9,0.34,0.22,159948447,646115709,1403437444,1568197310,27628644,3278.5,155758,45.81,12.0514290322581,12694.497880462,4.35,31708,61.3838709677419,18,0.32,0.3,0.4,0.4,0.35,0.35,0.32,0.29,0.3,0.3,0.2,0.24
"53",2007-04-01,0.25,NA,1.5,15,2.032,218922.4,0.04,0.14,161678475,652641668,1432743929,1603344646,27968970,4062.1,144130,45.08,11.71636,15124.0251282023,6.88,32101,67.5263333333333,19,0.2,0.31,0.3,0.4,0.4,0.35,0.34,0.3,0.27,0.3,0.28,0.16
"54",2007-05-01,0.28,NA,0,13.9,1.9816,227533.9,0.04,0.16,161345435,659908686,1448292815,1622667259,28213764,3738.8,171197,45.23,11.1472466666667,11486.6437247787,6.76,31567,67.1387096774194,18,0.24,0.25,0.3,0.3,0.4,0.37,0.35,0.33,0.3,0.25,0.25,0.25
"55",2007-06-01,0.28,NA,2.7,17.2,1.9319,224198.4,0.26,0.26,165583266,673213592,1468643962,1648374413,28423106,3665.1,161132,44.8,10.9326137931034,14586.5628647563,4.06,30862,70.672,18,0.26,0.23,0.25,0.3,0.32,0.4,0.4,0.32,0.33,0.3,0.25,0.22
"56",2007-07-01,0.24,NA,-1.8,13.4,1.8828,230915,0.28,0.37,170656672,679342235,1451583471,1674030797,28578968,3220.3,175429,44.73,10.8424838709677,12768.2099718784,-0.38,30641,76.4968965517241,20,0.26,0.26,0.21,0.25,0.3,0.31,0.4,0.4,0.32,0.31,0.28,0.23
"57",2007-08-01,0.47,NA,0.9,15.1,1.966,233903,0.98,1.39,174151111,695368107,1461790549,1679999281,28743490,3415.9,187880,44.09,11.3492967741935,11891.3220669153,0.83,31312,71.2651612903226,17,0.28,0.27,0.3,0.23,0.25,0.3,0.33,0.4,0.4,0.32,0.3,0.29
"58",2007-09-01,0.18,NA,0.7,11.9,1.8996,227028,1.29,1.17,179358592,709585174,1498606015,1755455817,29035574,3306.4,163210,44.59,11.3490133333333,11358.78633536,10.66,31842,76.1116666666667,15,0.31,0.29,0.28,0.3,0.23,0.25,0.3,0.34,0.41,0.4,0.31,0.3
"59",2007-10-01,0.3,NA,0.2,16.5,1.801,245688.9,1.05,0.75,182762622,720078486,1522132734,1782867774,29268406,3240.7,194771,44.6,11.2793516129032,14195.17713468,8.02,32244,81.5287096774194,17,0.29,0.32,0.3,0.3,0.3,0.25,0.25,0.3,0.33,0.4,0.4,0.32
"60",2007-11-01,0.38,NA,0.5,14.3,1.7699,243269.5,0.69,1.05,187241859,732920543,1569704721,1803115915,29412223,1854,188839,44.11,11.466124137931,13913.79838603,-3.53,32765,92.3751724137931,15,0.37,0.35,0.33,0.3,0.3,0.3,0.2,0.25,0.3,0.34,0.44,0.4
"61",2007-12-01,0.74,NA,-0.2,10.7,1.786,237380.9,1.76,1.47,214155337,779565807,1600005607,1827747528,29083527,3492.3,192595,44.55,11.84341,18588.94588253,1.4,32427,90.8946428571429,14,0.42,0.4,0.35,0.33,0.3,0.3,0.3,0.21,0.25,0.29,0.35,0.45
"62",2008-01-01,0.54,NA,3,14.4,1.7743,232828.5,1.09,0.99,202948456,755191254,1601688950,1837638125,29260399,823.1,169800,43.71,12.06476,20082.02593705,-6.88,32325,92.3243333333333,20,0.45,0.45,0.4,0.36,0.33,0.3,0.31,0.32,0.23,0.26,0.3,0.35
"63",2008-02-01,0.49,NA,-5.4,18.5,1.7277,231983.8,0.53,0.38,190951499,758572363,1618982555,1861261987,29494687,710.7,158768,43.79,11.9780642857143,12747.42908532,6.72,32121,93.99,20,0.35,0.44,0.46,0.42,0.37,0.35,0.3,0.31,0.33,0.25,0.28,0.3
"64",2008-03-01,0.48,NA,3.6,12,1.7076,247243,0.74,0.7,189359423,780089115,1636587622,1882375451,29721812,853.3,182534,43,12.3151064516129,15323.70612264,-3.97,32441,103.11,23,0.31,0.35,0.44,0.47,0.44,0.37,0.35,0.3,0.31,0.35,0.25,0.3
"65",2008-04-01,0.55,NA,-0.5,15.8,1.6889,253193.5,0.69,1.12,191044848,815392374,1675853648,1921808985,30047683,1597.6,205612,42.82,12.8873666666667,18013.24956285,11.31,32280,108.116333333333,20,0.3,0.33,0.35,0.45,0.47,0.45,0.38,0.35,0.3,0.33,0.35,0.26
"66",2008-05-01,0.79,NA,1,11.8,1.6605,255741,1.61,1.88,191882691,846322011,1706968916,1958889483,30275867,3947,191462,43.03,13.7202689655172,13155.08742123,6.96,32631,121.51935483871,20,0.3,0.3,0.35,0.35,0.45,0.48,0.45,0.38,0.35,0.3,0.33,0.36
"67",2008-06-01,0.74,NA,1.4,14.1,1.6189,260590.7,1.98,1.89,190629165,870906826,1721026840,1977271695,30620835,2574.7,201512,42.89,14.13145,16042.93033418,-10.44,32129,130.906,23,0.36,0.32,0.34,0.37,0.37,0.45,0.5,0.45,0.4,0.35,0.35,0.37
"68",2008-07-01,0.53,NA,-1.3,16.3,1.5914,271286.3,1.76,1.12,194074302,919095072,1764903833,2017769516,30853232,3205,224957,42.74,14.604864516129,17602.04652218,-8.47,32559,134.030967741935,22,0.4,0.4,0.35,0.36,0.4,0.4,0.5,0.5,0.5,0.41,0.4,0.39
"69",2008-08-01,0.28,NA,0,7,1.6123,268548.1,-0.32,-0.38,192300570,964017755,1801310760,2054588149,31122050,2190.8,188215,42.02,14.6445612903226,13833.57936712,-6.42,33326,114.694838709677,20,0.34,0.39,0.42,0.35,0.37,0.4,0.4,0.5,0.51,0.54,0.45,0.4
"70",2008-09-01,0.26,NA,2,15.9,1.7996,272768.2,0.11,0.36,198029149,1003158652,1825938710,2082000869,31433055,2604,208308,39.96,14.7413,14320.29578608,-11.02,33353,98.6936666666667,20,0.35,0.32,0.38,0.4,0.35,0.37,0.4,0.4,0.5,0.5,0.55,0.45
"71",2008-10-01,0.45,NA,-3.3,3.4,2.1729,284924.2,0.98,1.09,199894602,1027541803,1833678890,2087059318,31513552,1259.4,181327,38.3,14.8981580645161,18167.72565008,-24.79,34082,74.8216129032258,20,0.39,0.35,0.31,0.37,0.41,0.35,0.37,0.4,0.4,0.5,0.5,0.55
"72",2008-11-01,0.36,NA,-4.3,-4.2,2.2663,272113.4,0.38,0.07,199130232,1048357196,1868278256,2127012844,31486178,1480.8,132548,36.95,15.13795,13987.4618806,-1.77,33781,53.6955172413793,21,0.45,0.4,0.36,0.35,0.38,0.43,0.35,0.38,0.4,0.43,0.55,0.55
"73",2008-12-01,0.28,NA,-9.5,1.2,2.3944,258582.5,-0.13,-0.44,222008940,1086785083,1894808837,2165026979,30790817,2260.4,150568,37.57,13.06614,18479.52125582,2.6,31816,40.8823333333333,23,0.45,0.45,0.4,0.37,0.35,0.4,0.44,0.35,0.39,0.4,0.44,0.55
"74",2009-01-01,0.48,NA,2.7,2.9,2.3074,244784.2,-0.44,0.01,212754612,1068177739,1896403733,2167907278,30723740,-541.7,158229,38.05,11.67089,21053.10803602,4.66,30919,42.4956666666667,28,0.45,0.45,0.45,0.4,0.35,0.35,0.4,0.44,0.31,0.36,0.4,0.4
"75",2009-02-01,0.55,NA,2.9,1.5,2.3127,242501.2,0.26,-0.13,202578899,1074117820,1911377234,2185998463,30771547,1724.2,155473,38.02,11.1104185185185,11621.69588454,-2.84,30777,43.2832142857143,42,0.35,0.46,0.44,0.44,0.39,0.35,0.31,0.37,0.41,0.3,0.35,0.35
"76",2009-03-01,0.2,NA,1.8,6.3,2.3138,268841.6,-0.74,-0.84,198233106,1073712242,1922395330,2201970399,30840410,1727.7,214158,38.04,10.2431225806452,15916.03690608,7.18,32316,46.2306451612903,39,0.35,0.34,0.46,0.44,0.42,0.39,0.35,0.3,0.35,0.38,0.28,0.31
"77",2009-04-01,0.48,NA,1.4,-0.8,2.2059,263428.8,-0.15,0.04,199892749,1077756632,1950835852,2224228662,30981516,3672,184060,38.65,9.96286206896552,17782.24578116,15.54,32401,50.1626666666667,33,0.3,0.33,0.35,0.45,0.45,0.4,0.36,0.34,0.3,0.3,0.36,0.25
"78",2009-05-01,0.47,NA,2,2.8,2.0609,268742.3,-0.07,0.18,201586202,1091164504,1981875506,2254370643,31150424,2551.3,195720,39.66,9.64662580645161,12755.02171191,12.49,31326,56.3570967741936,35,0.3,0.3,0.32,0.35,0.45,0.45,0.4,0.35,0.32,0.28,0.3,0.35
"79",2009-06-01,0.36,NA,-0.2,10.4,1.9576,271406.4,-0.1,-0.32,204615096,1112294167,1997955514,2261608856,31301802,4654.8,243104,39.98,9.37551724137931,16385.11224609,-3.26,31103,68.4086666666667,34,0.37,0.3,0.3,0.32,0.33,0.46,0.45,0.36,0.33,0.3,0.25,0.3
"80",2009-07-01,0.24,NA,2.1,0.9,1.9328,281459.6,-0.43,-0.64,207755005,1115662312,2035540975,2321899332,31475501,2864.4,226782,40.64,9.1762,16492.34838699,6.41,31713,64.1354838709677,34,0.3,0.33,0.3,0.3,0.34,0.35,0.45,0.44,0.36,0.33,0.3,0.25
"81",2009-08-01,0.15,NA,0.7,5.6,1.8452,282508.7,-0.36,0.09,206702982,1121786452,2069824769,2355008902,31756917,3000.7,204789,40.63,9.21386774193548,11942.31719121,3.15,32678,72.2209677419355,28,0.3,0.3,0.32,0.29,0.3,0.34,0.34,0.45,0.42,0.36,0.35,0.3
"82",2009-09-01,0.24,NA,0.2,9.2,1.8198,288874.9,0.42,0.25,213022527,1139974843,2108364057,2391092564,32057023,1232.8,249544,41.56,9.39772,12698.24925327,8.9,33099,68.2226666666667,28,0.28,0.28,0.3,0.33,0.3,0.3,0.35,0.35,0.45,0.42,0.4,0.35
"83",2009-10-01,0.28,NA,1.5,11.3,1.7384,309134.7,0.05,-0.04,216117801,1135682421,2129862633,2427046587,32333145,1297.8,231191,41.42,9.95737741935484,20041.59372168,0.05,33723,71.8238709677419,27,0.36,0.35,0.3,0.32,0.35,0.3,0.31,0.35,0.33,0.47,0.44,0.39
"84",2009-11-01,0.41,NA,1.5,16.2,1.7262,307944.4,0.1,0.07,219877940,1150559910,2158865053,2458339280,32614987,490,192826,40.94,9.96129,16821.67542007,8.93,34077,76.7068965517241,25,0.44,0.37,0.35,0.3,0.31,0.34,0.3,0.32,0.35,0.33,0.49,0.48
"85",2009-12-01,0.37,NA,-0.6,13.9,1.7503,303412.3,-0.26,-0.11,244897021,1185866143,2196530424,2497479450,32188662,2116.2,223456,40.88,10.3223516129032,18087.09961308,2.3,34479,74.4554838709677,26,0.44,0.43,0.39,0.35,0.3,0.31,0.33,0.3,0.33,0.35,0.33,0.51
"86",2010-01-01,0.75,NA,1.3,10.2,1.7798,284389.3,0.63,1.01,240128519,1164959304,2322483632,2605840471,32428802,-324.4,159897,39.59,10.4541161290323,22598.71155626,-4.65,33362,76.6003225806452,34,0.5,0.5,0.42,0.38,0.35,0.3,0.3,0.31,0.3,0.34,0.35,0.32
"87",2010-02-01,0.78,NA,1,13.7,1.8416,283356.4,1.18,1.09,234288145,1168268490,2331431779,2623278526,32687277,259.8,169205,39.82,10.5251888888889,11801.79122496,1.68,33731,73.6421428571429,32,0.37,0.52,0.5,0.4,0.37,0.35,0.3,0.3,0.3,0.29,0.33,0.35
"88",2010-03-01,0.52,NA,0.7,22.2,1.7858,318651.7,0.94,0.63,232458562,1183495173,2363486147,2659498428,33009787,545.3,275437,39.91,10.8221806451613,15204.63720939,5.82,35118,78.6364516129032,34,0.38,0.35,0.55,0.5,0.4,0.37,0.35,0.3,0.3,0.3,0.29,0.34
"89",2010-04-01,0.57,NA,0,12.2,1.7566,311651,0.77,0.72,234236600,1179396787,2371436991,2670103559,33359148,1139.1,208917,39.47,11.1199857142857,21267.69056901,-4.04,35027,84.1916666666667,29,0.34,0.37,0.4,0.55,0.54,0.4,0.39,0.35,0.3,0.3,0.3,0.3
"90",2010-05-01,0.43,NA,-0.9,9.5,1.8132,315947.5,1.19,1.57,236503300,1193103293,2402387178,2707324124,33708878,3288.4,182948,38.97,11.6964,14772.30969361,-6.64,34298,77.2677419354839,31,0.3,0.35,0.38,0.4,0.56,0.55,0.4,0.4,0.36,0.3,0.31,0.3
"91",2010-06-01,0,NA,0,3.3,1.8065,316546.6,0.85,0.34,239622402,1213647686,2429332137,2741751027,33965854,2104.2,192457,38.89,11.7708517241379,15590.95460595,-3.34,34171,74.555,27,0.37,0.3,0.35,0.37,0.4,0.55,0.55,0.42,0.42,0.39,0.32,0.31
"92",2010-07-01,0.01,NA,-1.1,12.5,1.7696,328891.3,0.15,0.22,243919917,1224429731,2470349066,2777583916,34185979,1208.2,226076,38.99,11.6223419354839,17727.44997791,10.8,33851,75.3367741935484,27,0.32,0.35,0.3,0.35,0.37,0.41,0.6,0.57,0.45,0.45,0.41,0.35
"93",2010-08-01,0.04,NA,-0.2,14,1.7596,332382.6,0.77,1.1,245762694,1248586797,2519676850,2824549127,34543763,2265.4,237957,38.76,11.2624709677419,15243.53372708,-3.51,34715,77.1732258064516,29,0.3,0.31,0.35,0.3,0.35,0.38,0.42,0.6,0.57,0.48,0.45,0.43
"94",2010-09-01,0.45,NA,1.5,6,1.7187,336660.8,1.15,1.1,253042067,1280552635,2567999140,2872131561,34839395,935.9,234357,38.22,11.2575793103448,14649.70737312,6.58,35184,77.5013333333333,25,0.36,0.3,0.33,0.35,0.3,0.35,0.4,0.41,0.6,0.56,0.48,0.45
"95",2010-10-01,0.75,NA,0.4,11,1.6835,350937.7,1.01,1.03,257797436,1292953330,2620660155,2943842406,35081331,1681.2,228329,37.89,11.3121903225806,19882.72497651,1.79,35190,82.27,24,0.4,0.37,0.33,0.32,0.33,0.3,0.38,0.4,0.42,0.61,0.57,0.49
"96",2010-11-01,0.83,NA,-0.8,17,1.7133,358427.1,1.45,1.58,259156712,1324903932,2643539508,2973395179,35238362,122.7,248432,37.77,11.6211310344828,16133.66611352,-4.2,35079,85.1703448275862,25,0.45,0.4,0.36,0.33,0.33,0.34,0.3,0.38,0.4,0.43,0.64,0.6
"97",2010-12-01,0.63,NA,1.5,15,1.6934,348004.9,0.69,0.38,285495051,1387911551,2681421355,2976783487,34818489,5132.1,287689,37.98,12.1059,23328.11461208,2.36,35958,90.7616129032258,24,0.52,0.45,0.44,0.4,0.35,0.33,0.34,0.3,0.4,0.42,0.45,0.68
"98",2011-01-01,0.83,NA,0.2,11.3,1.6749,327590.9,0.79,0.98,274105675,1373573507,2692091783,2999789901,35020661,184.6,180322,37.57,12.3929677419355,29749.3721174,-3.94,35875,96.0322580645161,27,0.55,0.55,0.45,0.45,0.41,0.35,0.32,0.32,0.3,0.4,0.43,0.45
"99",2011-02-01,0.8,NA,0.5,14.7,1.668,332322.4,1,0.96,263102101,1393166332,2746372688,3075998853,35367731,986.3,201898,37.49,12.5657071428571,14644.5577456,1.22,35446,103.148928571429,28,0.41,0.56,0.59,0.47,0.48,0.43,0.35,0.32,0.32,0.3,0.4,0.45
"100",2011-03-01,0.79,NA,2.2,-2.7,1.6591,356617.3,0.62,0.61,259234847,1421898024,2774165612,3096759658,35493837,1361.5,223886,37.53,12.5715666666667,18468.08748229,1.79,36352,114.38,28,0.4,0.4,0.57,0.6,0.47,0.47,0.42,0.35,0.32,0.31,0.31,0.4
"101",2011-04-01,0.77,NA,-4.9,12,1.5864,354617.8,0.45,0.5,257909268,1429732032,2802614210,3133705266,35811280,1633.5,211662,37.42,12.4866068965517,25933.83059921,-3.58,36050,122.285517241379,25,0.39,0.41,0.42,0.64,0.6,0.46,0.49,0.44,0.35,0.31,0.3,0.3
"102",2011-05-01,0.47,NA,2.6,12.9,1.6135,368272.7,0.43,0.01,256392040,1455032495,2837176945,3166562726,36100029,3318.5,232573,37.25,12.5242166666667,17450.68917921,-2.29,35567,115.819677419355,27,0.3,0.4,0.42,0.44,0.65,0.6,0.49,0.49,0.45,0.35,0.3,0.23
"103",2011-06-01,0.15,NA,-2.2,9.4,1.587,363821.7,-0.18,-0.13,257942770,1483845139,2859691238,3188121318,36355447,4263.7,222086,37.08,12.545924137931,21107.85380826,-3.43,35161,115.005666666667,27,0.3,0.27,0.4,0.43,0.45,0.65,0.6,0.5,0.5,0.47,0.36,0.29
"104",2011-07-01,0.16,NA,2.7,7.2,1.5639,367333.1,-0.12,-0.05,260111822,1504654844,2917116204,3236156038,36532729,2968.3,222678,36.82,12.6684064516129,23311.26810376,-5.74,35419,116.059032258065,24,0.3,0.3,0.26,0.4,0.45,0.47,0.65,0.6,0.5,0.51,0.47,0.36
"105",2011-08-01,0.37,NA,-3.4,5.4,1.597,374887.3,0.44,0.61,257132582,1530671978,2973056786,3267212177,36763348,3710.3,236490,36.55,12.0339064516129,16159.84979046,-3.96,36337,110.400967741935,26,0.3,0.3,0.29,0.25,0.4,0.45,0.49,0.65,0.61,0.5,0.51,0.45
"106",2011-09-01,0.53,NA,-2.8,4.7,1.7498,370113.8,0.65,0.75,260862382,1564422897,3009561825,3300817548,37014653,2899.3,226670,34.67,10.8571178571429,15873.07270477,-7.38,36967,114.094666666667,29,0.45,0.35,0.3,0.29,0.27,0.4,0.46,0.5,0.7,0.64,0.52,0.51
"107",2011-10-01,0.43,NA,0.7,1.5,1.7726,383776.1,0.53,0.4,263204853,1571741588,3033171871,3332368524,37174781,2170.1,203374,35.65,10.472775862069,25426.76742431,11.49,36745,109.333870967742,29,0.5,0.45,0.35,0.3,0.3,0.27,0.42,0.47,0.51,0.7,0.65,0.5
"108",2011-11-01,0.52,NA,0.4,3.1,1.7905,391538,0.5,0.43,262725379,1602533597,3058534253,3344917083,37247448,372.2,233395,34.76,10.0842925925926,18328.54662198,-2.51,36370,110.741379310345,25,0.5,0.5,0.45,0.35,0.3,0.28,0.27,0.43,0.46,0.51,0.7,0.65
"109",2011-12-01,0.5,NA,3.5,4.3,1.8369,385490.9,-0.12,-0.16,287282888,1649901271,3126468029,3420779729,36845060,3656.8,251108,34.47,9.93353870967742,23364.49212446,-0.21,36744,108.120333333333,25,0.57,0.5,0.5,0.45,0.36,0.3,0.27,0.25,0.45,0.47,0.5,0.63
"110",2012-01-01,0.56,NA,-3.7,8.2,1.7897,364190.6,0.25,0.3,276139561,1624306909,3183704028,3467874222,37025690,-1558,196138,35,10.0642620689655,32505.67093976,11.13,36303,110.442413793103,38,0.6,0.57,0.5,0.5,0.45,0.37,0.29,0.25,0.25,0.44,0.47,0.5
"111",2012-02-01,0.45,NA,-0.4,3.1,1.7184,367525.2,-0.06,0.07,268141408,1630953144,3215823078,3501666521,37226069,1513.1,185117,35.15,9.44818928571429,17547.71237888,4.34,36899,118.234482758621,30,0.46,0.58,0.59,0.51,0.52,0.46,0.37,0.3,0.25,0.27,0.44,0.48
"112",2012-03-01,0.21,NA,0.7,10.3,1.7953,397758.4,0.43,0.56,264973099,1648106102,3280594773,3560241315,37391961,1811.3,219705,34.26,9.10612903225806,21522.50358728,-1.98,38621,125.328387096774,29,0.48,0.49,0.57,0.6,0.53,0.53,0.47,0.39,0.3,0.25,0.28,0.45
"113",2012-04-01,0.64,NA,0.6,2.8,1.8548,385880,0.85,1.02,265800884,1643620310,3311417702,3572707204,37655571,666.9,188641,33.5,8.79445333333333,27837.10761589,-4.17,37994,120.247,26,0.44,0.5,0.49,0.58,0.6,0.53,0.52,0.46,0.4,0.31,0.25,0.28
"114",2012-05-01,0.36,NA,-0.9,4.9,1.986,401862.3,1.02,0.91,266543035,1668158595,3358168535,3625970074,37851345,2771.9,209736,32.77,8.12856333333333,17712.45363584,-11.86,36809,111.317419354839,26,0.3,0.45,0.5,0.5,0.58,0.6,0.53,0.54,0.47,0.4,0.3,0.23
"115",2012-06-01,0.08,NA,2.1,12.5,2.0492,395383.3,0.66,0.69,270999075,1691859070,3378112765,3643522442,38014572,610.1,274584,32.78,7.8842,21933.59331381,-0.25,36527,96.5216666666667,23,0.28,0.28,0.45,0.49,0.5,0.6,0.6,0.55,0.54,0.48,0.4,0.3
"116",2012-07-01,0.43,NA,1.1,10.2,2.0287,409021,1.34,1.52,276842883,1701379607,3428574172,3678241870,38198568,2682.1,280214,32.51,7.54802258064516,21998.2468408,3.21,35916,101.398275862069,25,0.3,0.28,0.27,0.45,0.5,0.49,0.58,0.63,0.55,0.53,0.48,0.4
"117",2012-08-01,0.41,NA,1.3,15.6,2.0294,418752,1.43,1.29,274315205,1717369610,3486156088,3737939097,38352056,3018.9,325722,32.6,7.56926129032258,16602.89759559,1.72,37205,112.878387096774,24,0.39,0.3,0.28,0.27,0.41,0.5,0.47,0.58,0.63,0.55,0.53,0.47
"118",2012-09-01,0.57,5.55,-1.2,2,2.0281,402675.8,0.97,0.88,283327559,1737700016,3509444353,3757564160,38554395,2362.9,213655,32.62,7.61106333333333,17823.32606501,3.7,37661,112.787333333333,21,0.46,0.38,0.3,0.3,0.27,0.43,0.5,0.47,0.58,0.63,0.55,0.53
"119",2012-10-01,0.59,5.51,1.2,14.5,2.0298,431405.5,0.02,-0.31,284544283,1742734111,3560256027,3806703466,38644538,1357.6,249779,32.44,7.3718064516129,23119.34131005,-3.56,37794,111.918064516129,23,0.53,0.47,0.4,0.32,0.31,0.26,0.41,0.5,0.45,0.53,0.65,0.54
"120",2012-11-01,0.6,5.36,-0.1,7.2,2.0678,426600.4,-0.03,0.25,286918403,1759318172,3595180344,3833305417,38720695,-375.1,232473,32.08,7.29041379310345,20537.61139197,0.71,38642,109.092413793103,21,0.52,0.53,0.48,0.4,0.31,0.3,0.27,0.44,0.52,0.43,0.49,0.65
"121",2012-12-01,0.79,5.68,0.6,5.1,2.0778,413705.3,0.68,0.66,321521526,1792891488,3609680508,3860098790,38217654,2046.8,266175,32.19,7.08669333333333,25005.5743617,6.05,37763,109.500689655172,20,0.58,0.52,0.53,0.49,0.4,0.32,0.31,0.28,0.44,0.52,0.42,0.43
"122",2013-01-01,0.86,5.25,0.4,7,2.0311,408889.7,0.34,0.31,308933642,1750647756,3641468977,3876730386,38293268,-4183.8,230620,32.17,7.18078666666667,38139.75811913,-1.95,38311,112.668333333333,30,0.55,0.6,0.55,0.55,0.5,0.41,0.33,0.3,0.28,0.42,0.52,0.4
"123",2013-02-01,0.6,5.69,-3.3,1.2,1.9733,398093.6,0.29,0.2,298958073,1749820224,3656344131,3905533529,38462116,-1440.6,171454,32.59,7.58814814814815,17846.60598071,-3.91,38004,116.122692307692,24,0.48,0.55,0.61,0.56,0.55,0.48,0.41,0.32,0.33,0.32,0.4,0.52
"124",2013-03-01,0.47,5.55,1.9,3.2,1.9828,434630.1,0.21,0.31,299263560,1784054636,3690666043,3937286921,38645134,15.4,209347,32.4,7.98016129032258,19445.27356854,-1.87,38440,109.133333333333,26,0.51,0.47,0.55,0.65,0.56,0.54,0.47,0.41,0.31,0.32,0.3,0.37
"125",2013-04-01,0.55,5.6,2,9.2,2.0022,446504.9,0.15,-0.06,299465983,1781381964,3718643709,3977938892,38901359,-1161.2,245798,32.14,8.09751333333333,29041.30265727,-0.78,38652,102.704666666667,26,0.42,0.51,0.47,0.55,0.66,0.56,0.53,0.47,0.4,0.3,0.3,0.29
"126",2013-05-01,0.37,-0.47,0,4.3,2.0348,441335.2,0,0.32,299874457,1808987072,3763267815,4039567474,39012583,593.8,232001,31.51,8.20963214285714,22214.39905555,-4.3,38343,102.303548387097,23,0.28,0.41,0.53,0.47,0.58,0.67,0.56,0.53,0.46,0.4,0.3,0.3
"127",2013-06-01,0.26,6.54,3.8,-2,2.173,434739.6,0.75,0.76,306171339,1847726382,3781611175,4076016558,39170652,2126.9,232630,31.19,9.22877,21271.16060812,-11.31,37626,102.876666666667,24,0.33,0.29,0.4,0.55,0.47,0.6,0.7,0.56,0.52,0.45,0.4,0.3
"128",2013-07-01,0.03,-0.3,-4.5,3.8,2.2522,452597.5,0.26,0.14,310869063,1854519202,3814726306,4092715829,39243869,-2072.5,250054,30.8,9.21446451612903,23911.83764531,1.64,37696,107.679333333333,28,0.34,0.34,0.3,0.41,0.54,0.48,0.6,0.7,0.6,0.55,0.49,0.42
"129",2013-08-01,0.24,-0.51,-0.1,-0.9,2.3422,453781.6,0.15,0.46,307668388,1874736680,3834189886,4126641494,39406029,1025.9,241681,30.58,9.73315483870968,18648.75546613,3.68,38612,110.467096774194,25,0.4,0.32,0.33,0.3,0.43,0.54,0.5,0.6,0.7,0.62,0.58,0.52
"130",2013-09-01,0.35,-0.22,1.1,7.7,2.2705,447754.9,1.5,1.36,313981031,1892308996,3856984371,4161521066,39663697,1794.4,221394,31.51,10.1397766666667,18798.25867027,4.65,38523,112.531333333333,23,0.5,0.41,0.32,0.32,0.3,0.43,0.54,0.5,0.61,0.7,0.65,0.6
"131",2013-10-01,0.57,-0.12,-1.3,2.2,2.1886,475713.6,0.86,0.63,313096998,1903729843,3885993526,4201617658,39794562,-402.9,238718,31.62,10.2742096774194,26696.56695382,3.66,39387,109.156129032258,25,0.56,0.5,0.42,0.32,0.31,0.3,0.43,0.55,0.49,0.6,0.7,0.7
"132",2013-11-01,0.54,0.08,0.1,6,2.2954,470325,0.29,0.28,316979581,1940434536,3897745977,4234749839,39863923,1533.3,223029,30.58,10.7799633333333,22861.67432836,-3.27,39919,107.549655172414,22,0.6,0.55,0.5,0.42,0.33,0.31,0.3,0.43,0.54,0.49,0.61,0.7
"133",2013-12-01,0.92,0.52,-1.3,2.9,2.3455,467253.2,0.6,0.69,349124704,1985467611,3947967099,4267350449,39356216,2540.2,258353,30.5,10.6997034482759,28980.0272289,-1.86,39555,110.866896551724,22,0.7,0.6,0.56,0.5,0.4,0.31,0.31,0.3,0.44,0.54,0.49,0.63
"134",2014-01-01,0.55,0.79,1.3,4.7,2.3822,453279.8,0.48,0.4,333355173,1971127279,3956852345,4302958043,39419454,-3890.6,255437,30.01,10.9923310344828,39740.13688833,-7.51,40211,108.259655172414,30,0.6,0.7,0.61,0.56,0.5,0.4,0.31,0.31,0.3,0.43,0.53,0.5
"135",2014-02-01,0.69,0.51,1.4,8.3,2.3837,455502.3,0.38,0.85,322002925,1989751973,3973241537,4308697091,39720848,-2344,204155,30.36,11.5276392857143,18337.36704667,-1.14,41383,108.848928571429,29,0.49,0.62,0.7,0.62,0.57,0.5,0.4,0.3,0.34,0.3,0.44,0.53
"136",2014-03-01,0.92,0.94,0.1,-5.6,2.3261,477200,1.67,1.48,321470023,2004771520,3987162587,4323341813,39755953,-140,189961,30.78,11.4195266666667,21885.04019905,7.05,40198,107.621612903226,29,0.52,0.49,0.62,0.7,0.63,0.57,0.5,0.4,0.3,0.35,0.35,0.45
"137",2014-04-01,0.67,0.71,-1.4,-0.1,2.2328,479719.2,0.78,0.45,323439802,2018409621,4024128054,4353875595,39888668,285.3,234956,30.78,11.4107033333333,33140.16500042,2.4,39428,107.516333333333,29,0.42,0.52,0.5,0.64,0.72,0.62,0.57,0.5,0.4,0.26,0.3,0.32
"138",2014-05-01,0.46,7.28,-1.4,0.7,2.2209,481273,-0.13,-0.45,317257781,2037576287,4071238100,4391423444,39975340,423.9,232623,31.1,11.35726,21022.02304565,-0.75,38989,109.51935483871,29,0.3,0.43,0.52,0.5,0.64,0.71,0.62,0.57,0.5,0.39,0.26,0.3
"139",2014-06-01,0.4,0.11,-5.6,-6,2.2355,461330.6,-0.74,-0.63,318759951,2061091340,4101325335,4428178547,40025913,2122.5,211418,31.48,11.0997137931034,23971.6390192,3.76,37575,111.557666666667,29,0.32,0.3,0.44,0.56,0.5,0.65,0.73,0.63,0.57,0.5,0.4,0.28
"140",2014-07-01,0.01,7.29,4.9,-4.9,2.2246,486915.7,-0.61,-0.55,320326008,2068935938,4169700240,4489161835,40057096,1291.1,234608,31.6,10.9691903225806,25313.58675922,5,37724,107.187096774194,30,0.33,0.32,0.3,0.44,0.56,0.52,0.65,0.75,0.64,0.57,0.5,0.4
"141",2014-08-01,0.25,7.22,-0.5,-6.7,2.268,483783.1,-0.27,0.06,317922963,2087372837,4271481439,4570292750,40188000,903.2,217040,32.14,11.2233677419355,22590.4138373,9.78,38567,102.256451612903,27,0.42,0.32,0.32,0.3,0.45,0.58,0.54,0.66,0.78,0.65,0.59,0.5
"142",2014-09-01,0.57,6.82,0.8,-1.2,2.3329,491426.8,0.2,0.02,327925378,2110060143,4306043943,4641249955,40356826,-1145.1,234533,32.07,11.4636333333333,20151.10698342,-11.7,38805,97.6303333333333,29,0.5,0.42,0.31,0.32,0.3,0.45,0.58,0.52,0.66,0.78,0.67,0.6
"143",2014-10-01,0.42,6.66,0.7,-2.3,2.4483,508920.8,0.28,0.59,329034213,2121339527,4349931096,4677624437,40339794,-1473.2,242711,32.22,11.902935483871,26647.42949741,0.95,40025,88.3338709677419,30,0.57,0.5,0.42,0.32,0.32,0.29,0.45,0.58,0.55,0.69,0.8,0.67
"144",2014-11-01,0.51,6.54,-1.7,-2.4,2.5484,498489.1,0.98,1.14,331258675,2146852154,4390074190,4718034618,40359142,-2707.2,234777,32.18,12.3583033333333,24440.10594259,0.18,40814,80.5141379310345,31,0.65,0.58,0.5,0.45,0.34,0.32,0.3,0.45,0.58,0.55,0.67,0.84
"145",2014-12-01,0.78,6.2,-3.1,-2.2,2.6394,501112.6,0.62,0.38,362152876,2186471965,4438289475,4774925265,39776906,-65.1,302913,32.59,12.7272133333333,27215.26634514,-8.62,39838,63.381,34,0.67,0.65,0.58,0.52,0.45,0.35,0.31,0.3,0.45,0.58,0.55,0.7
"146",2015-01-01,1.24,5.94,-0.5,-4.9,2.6342,474246,0.76,0.67,343797138,2164354124,4446980401,4777616433,39715081,-2877.8,206162,32.5,12.76292,39929.44868091,-6.2,40629,48.9738709677419,54,0.6,0.68,0.65,0.58,0.5,0.45,0.34,0.3,0.28,0.45,0.58,0.55
"147",2015-02-01,1.22,5.67,-0.9,-10.4,2.8165,466790.5,0.27,0.53,334090852,2168510301,4446708674,4793695676,39728254,-3097.7,149828,32.3,13.0670518518519,21959.56761,9.97,40545,56.4814285714286,47,0.48,0.6,0.68,0.65,0.55,0.5,0.45,0.32,0.27,0.27,0.45,0.58
"148",2015-03-01,1.32,5.26,-1.6,-0.8,3.1395,515617.2,0.98,1.21,328802402,2183104350,4475838274,4836693747,39764319,148.9,189859,31.59,13.5707064516129,24935.98747236,-0.84,39757,56.588064516129,55,0.54,0.49,0.62,0.7,0.64,0.55,0.48,0.45,0.32,0.26,0.27,0.45
"149",2015-04-01,0.71,5.3,-2,-8.3,3.0432,497123.3,1.17,0.92,323912405,2178077343,4493113529,4850532086,39679538,272.6,179223,32.35,13.3989,33986.45162207,9.93,39533,58.47,59,0.4,0.52,0.49,0.61,0.7,0.64,0.55,0.5,0.46,0.33,0.26,0.3
"150",2015-05-01,0.74,5.51,0,-10.4,3.0617,492283.4,0.41,0.4,318914527,2193636407,4554350444,4908824344,39570174,2449.9,175618,32.39,13.7213709677419,22787.16955895,-6.17,38059,64.1558064516129,56,0.25,0.4,0.52,0.5,0.61,0.68,0.65,0.55,0.49,0.45,0.32,0.27
"151",2015-06-01,0.79,5.66,-1.1,-3.6,3.1117,490558.4,0.67,0.68,316917201,2200717397,4563586143,4951069509,39471312,4309.9,175261,33.23,14.1309034482759,26815.61499157,0.61,37131,61.7333333333333,52,0.22,0.22,0.4,0.52,0.49,0.63,0.69,0.62,0.54,0.48,0.44,0.3
"152",2015-07-01,0.62,5.77,-0.2,-7,3.2231,507080.9,0.69,0.58,318268214,2210374249,4597352502,4989008758,39321955,2625.7,186995,32.91,14.0166838709677,26531.70208453,-4.17,36684,57.3012903225806,47,0.27,0.21,0.25,0.4,0.52,0.5,0.65,0.68,0.62,0.52,0.46,0.42
"153",2015-08-01,0.22,5.96,0.3,-9.6,3.5143,501421.2,0.28,0.4,312390576,2212621000,4591457079,5022943900,39244635,2366,172630,32.46,14.1141225806452,20738.53554064,-8.33,37725,47.7961290322581,43,0.37,0.27,0.22,0.25,0.41,0.53,0.5,0.65,0.68,0.62,0.53,0.45
"154",2015-09-01,0.54,6.07,-1.5,-11.5,3.9065,499726,0.95,1.42,310836657,2233749004,4636253676,5087639840,39156880,2624.1,166345,32.02,15.0931466666667,21627.54993438,-3.36,37716,47.9073333333333,41,0.45,0.39,0.26,0.23,0.25,0.42,0.53,0.5,0.67,0.7,0.64,0.55
"155",2015-10-01,0.82,6.03,-0.3,-11.9,3.8801,521387.2,1.89,1.76,315384658,2252120829,4677523145,5114530928,38990212,1676.4,161592,33.06,15.3467870967742,26780.04028707,1.8,39168,48.3570967741936,40,0.53,0.47,0.4,0.29,0.25,0.27,0.45,0.57,0.53,0.71,0.75,0.67
"156",2015-11-01,1.01,6.12,-0.3,-13.2,3.7765,513641.5,1.52,1.19,315102771,2269537065,4716993314,5163315756,38856310,898.9,165963,33.9,15.2569866666667,22952.85882426,-1.63,39114,44.7116666666667,49,0.63,0.55,0.5,0.42,0.3,0.3,0.3,0.45,0.6,0.55,0.75,0.8
"157",2015-12-01,0.96,5.5,-1.4,-11,3.8711,515911.4,0.49,0.44,345150416,2334143094,4854978073,5312283123,38241917,6048,193186,35.64,15.7352774193548,33055.94366831,-3.93,38539,38.5067741935484,38,0.66,0.66,0.57,0.51,0.45,0.32,0.3,0.3,0.5,0.63,0.59,0.8
"158",2016-01-01,1.27,5.86,0.1,-14.1,4.0524,481818.5,1.14,1.53,331050008,2300666103,4829018658,5291768650,38149644,1116.2,131253,35.34,15.3123903225806,43391.86826847,-6.79,38225,31.3841935483871,40,0.6,0.65,0.66,0.58,0.53,0.45,0.32,0.3,0.33,0.5,0.67,0.6
"159",2016-02-01,0.9,6.55,-4.5,-5.6,3.9737,490477.9,1.29,0.79,323084058,2301159340,4884235641,5331795004,38053310,2777.9,122734,36.28,14.2815428571429,20039.62099482,5.91,38504,32.0386206896552,43,0.5,0.62,0.7,0.7,0.61,0.53,0.46,0.34,0.33,0.35,0.5,0.67
"160",2016-03-01,0.43,7.18,4.1,-7.9,3.7039,528022.8,0.51,0.43,318046218,2301406917,4953973835,5389752466,37938788,4123.3,147641,38.33,13.6773387096774,24930.75919112,16.97,39218,38.2183870967742,41,0.55,0.51,0.67,0.73,0.73,0.62,0.55,0.47,0.34,0.31,0.35,0.51
"161",2016-04-01,0.61,7.14,-0.2,-9.2,3.5658,520821.4,0.33,0.36,317669550,2298824612,4975614007,5419606850,37882966,4542.3,132062,38.87,13.3567448275862,36440.79619972,7.7,40091,40.7896666666667,41,0.42,0.55,0.5,0.65,0.73,0.7,0.59,0.51,0.43,0.32,0.28,0.35
"162",2016-05-01,0.78,6.68,0.2,-10.2,3.5393,516516.8,0.82,1.13,317328438,2312333789,5008017964,5453699716,37816580,6127,137429,39.08,13.2517566666667,23305.97535441,-10.09,38526,46.5667741935484,42,0.28,0.41,0.52,0.49,0.65,0.71,0.67,0.55,0.5,0.41,0.31,0.25
"163",2016-06-01,0.35,6.99,-0.7,-8.1,3.4245,521732.7,1.69,1.63,313685875,2328060305,5042395159,5492324102,37728860,3631.4,139567,41.34,13.0964666666667,28180.96270133,6.3,37422,48.5133333333333,47,0.25,0.26,0.41,0.52,0.46,0.63,0.7,0.66,0.55,0.48,0.4,0.3
"164",2016-07-01,0.52,6.47,-0.9,-10.7,3.2756,522070.8,0.18,-0.39,318298994,2335393825,5093742194,5548744457,37644620,4245.1,146578,41.93,13.185635483871,30088.49474047,11.22,37108,45.3729032258065,37,0.26,0.25,0.26,0.4,0.5,0.45,0.62,0.7,0.65,0.51,0.46,0.38
"165",2016-08-01,0.44,5.98,-1.4,-7.7,3.2097,530749.7,0.15,0.43,316244712,2348937566,5158943154,5607068135,37622534,3830.8,148967,42.81,13.1209516129032,21682.2831073507,1.03,37539,45.31,34,0.35,0.24,0.22,0.24,0.39,0.49,0.44,0.6,0.68,0.62,0.5,0.44
"166",2016-09-01,0.08,5.98,1.3,-8.5,3.2564,524351.1,0.2,0.03,323191097,2351620449,5205671446,5652149886,37590265,3522.7,130997,43.63,12.8109535714286,23162.95239759,0.8,38232,46.5406666666667,31,0.42,0.35,0.24,0.21,0.25,0.39,0.49,0.44,0.6,0.68,0.61,0.46
"167",2016-10-01,0.26,6.37,-0.6,-10,3.1858,539552.1,0.16,0.13,325910505,2356477212,5228485955,5681511504,37511500,2039.4,132346,43.88,12.3469965517241,51535.96055907,11.23,38058,49.4851612903226,31,0.46,0.42,0.35,0.23,0.21,0.24,0.38,0.48,0.42,0.6,0.65,0.6
"168",2016-11-01,0.18,6.18,0.2,-5.3,3.342,546016,-0.03,0.05,325517068,2387236146,5264955221,5743868110,37393466,4448.4,148675,43.99,12.3458740740741,26553.66287518,-4.65,38609,44.765,33,0.56,0.46,0.4,0.34,0.23,0.21,0.22,0.36,0.48,0.41,0.58,0.63
"169",2016-12-01,0.3,6.64,2,-6.7,3.3523,547198.1,0.54,0.83,356106672,2446065748,5370570893,5831877727,36915359,4139.1,169971,46.14,11.8118870967742,35151.99042631,-2.71,38624,52.5625806451613,32,0.6,0.55,0.45,0.4,0.32,0.23,0.22,0.23,0.35,0.46,0.4,0.58
"170",2017-01-01,0.38,6.46,2,-0.1,3.1966,513642,0.64,0.43,339559886,2390710458,5403067549,5842419766,36884284,2426.9,121378,46.46,11.0852225806452,47146.94077588,7.38,39138,54.5212903225806,44,0.52,0.6,0.53,0.44,0.4,0.32,0.23,0.22,0.21,0.35,0.45,0.4
"171",2017-02-01,0.33,5.77,1.2,-4.8,3.1042,510880.5,0.08,0.06,330765419,2401311628,5428196722,5861693498,36933913,4368.1,112374,47.26,10.4903,22763.49150761,3.08,38576,54.9028571428571,39,0.4,0.51,0.58,0.53,0.43,0.4,0.31,0.23,0.22,0.21,0.35,0.45
"172",2017-03-01,0.25,5.39,-3,-1.9,3.1279,561062.1,0.01,-0.38,327536761,2413002766,5507791836,5936525988,36876319,6418.5,158055,47.53,9.79707096774194,25993.80833255,-2.52,40408,51.6387096774194,39,0.41,0.4,0.5,0.57,0.52,0.43,0.39,0.32,0.23,0.23,0.22,0.35
"173",2017-04-01,0.14,5.07,-2.2,-0.5,3.1362,537678.9,-1.1,-1.24,330907717,2428356121,5474967657,5925396119,36950701,6125.6,131499,47.48,9.41457142857143,38053.75074345,0.64,39188,52.3741379310345,36,0.31,0.4,0.39,0.5,0.55,0.5,0.41,0.39,0.32,0.23,0.22,0.23
"174",2017-05-01,0.31,4.52,2.5,4.9,3.2095,550991.8,-0.93,-0.51,329640852,2462036268,5495565318,5947255664,36995546,6712,163284,48,9.19772666666667,24130.83149452,-4.12,38034,50.4125806451613,35,0.2,0.31,0.4,0.37,0.5,0.55,0.5,0.41,0.39,0.32,0.23,0.22
"175",2017-06-01,-0.23,3.86,0.7,4.4,3.2954,541966.9,-0.67,-0.96,332318715,2497091464,5518949598,5978559446,37012397,6268.5,161030,48.44,8.99364827586207,30112.98032983,0.3,37864,46.557,34,0.2,0.21,0.32,0.4,0.39,0.5,0.55,0.5,0.44,0.4,0.34,0.25
"176",2017-07-01,0.24,4.25,1.3,5.6,3.2061,548387.1,-0.72,-0.3,337005494,2492501008,5543482574,5978280665,37063178,5383.8,151677,49.69,8.39200967741935,29336.79268047,4.8,37223,48.2664516129032,32,0.2,0.19,0.2,0.31,0.4,0.36,0.48,0.53,0.51,0.43,0.4,0.32
"177",2017-08-01,0.19,4.24,0.5,7.7,3.1509,555915.7,0.1,0.24,332246885,2513003631,5626754248,6054119494,37112620,4547.9,180881,50.11,7.81007419354839,24952.4104584,7.46,37658,51.6093548387097,32,0.28,0.2,0.19,0.2,0.3,0.38,0.36,0.49,0.53,0.5,0.41,0.37
"178",2017-09-01,0.16,4.25,-0.1,9.2,3.1348,544327.9,0.47,0.62,337527755,2529390340,5677639428,6092331523,37161903,4301.3,168008,50.76,7.33960689655172,24412.76006282,4.88,38773,55.785,30,0.36,0.29,0.2,0.18,0.2,0.3,0.38,0.35,0.47,0.51,0.47,0.39
"179",2017-10-01,0.42,3.75,1,7.6,3.1912,568803.9,0.2,0.1,337219206,2516324798,5708275173,6143765572,37248828,4128,166842,50.54,7.11373,30850.60801455,0.02,39152,57.3077419354839,31,0.4,0.35,0.28,0.19,0.18,0.19,0.3,0.37,0.34,0.46,0.5,0.45
"180",2017-11-01,0.28,4.15,0,8.7,3.2594,574019.5,0.52,0.8,340389865,2542372506,5713739945,6167287138,37244027,2559,168888,50.86,7.10985172413793,26440.31895309,-3.15,39629,62.5783333333333,29,0.47,0.4,0.36,0.28,0.19,0.18,0.19,0.3,0.37,0.34,0.45,0.5
"181",2017-12-01,0.44,3.82,4.3,6.9,3.2919,577802.8,0.89,0.74,377118524,2581696299,5770354874,6226509348,36903396,4085.4,171978,51.37,6.92039,35502.9726002,6.16,39396,64.3746666666667,29,0.5,0.46,0.39,0.35,0.28,0.19,0.19,0.19,0.3,0.36,0.33,0.44
"182",2018-01-01,0.29,3.71,-2.2,6.5,3.2106,552718.5,0.76,0.58,359495631,2540195151,5774734690,6206921935,36994463,1695.6,149041,51.43,6.85739666666667,48552.52226078,11.14,39509,68.9251612903226,36,0.46,0.5,0.48,0.4,0.35,0.3,0.19,0.19,0.18,0.3,0.37,0.33
"183",2018-02-01,0.32,3.82,0,5.3,3.2415,540147.7,0.07,0.15,352353259,2555764990,5800302433,6226461110,37071494,1999.3,129782,51.58,6.787684,25372.66567375,0.52,39225,65.4562962962963,37,0.36,0.45,0.48,0.47,0.39,0.35,0.29,0.2,0.2,0.2,0.3,0.37
"184",2018-03-01,0.09,3.49,0.8,8.8,3.2792,589594.2,0.64,0.56,353085750,2610244305,5858214642,6285845760,37146612,5355.6,172842,51.83,6.49964615384615,27467.6429346,0.01,39968,66.0142307692308,38,0.38,0.36,0.45,0.46,0.45,0.39,0.35,0.28,0.2,0.2,0.2,0.31
"185",2018-04-01,0.22,3.61,0.2,8.6,3.4075,587819.4,0.57,0.93,355298596,2610320393,5862418608,6301712173,37278072,4531.2,178803,51.22,6.30508,39776.82306624,0.88,40606,71.9133333333333,37,0.3,0.38,0.35,0.45,0.47,0.44,0.37,0.35,0.28,0.19,0.21,0.22
"186",2018-05-01,0.4,3.87,-15.7,2.2,3.6361,562261.5,1.38,1.64,355090493,2639056258,5875957544,6393646561,37321134,4950.1,164415,50.66,6.68261851851852,26163.1638882,-10.87,39143,76.7873076923077,35,0.2,0.3,0.38,0.35,0.45,0.47,0.43,0.37,0.35,0.28,0.2,0.24
"187",2018-06-01,1.26,4.07,17.9,3.8,3.7732,584372.8,1.87,1.48,358080184,2687682367,5937930939,6476692981,37329531,4607.2,163497,50.7,7.67218461538462,30036.81095184,-5.2,37791,74.4088461538462,32,0.2,0.2,0.31,0.38,0.35,0.45,0.47,0.4,0.35,0.34,0.27,0.18
"188",2018-07-01,0.33,4.01,-1.2,2.9,3.8288,592283.9,0.51,0.44,363565694,2687705607,5952652635,6473910303,37387676,2638.4,176047,51.3,7.46645384615385,34664.69375647,8.88,37894,74.3342307692308,33,0.21,0.2,0.21,0.32,0.38,0.35,0.46,0.48,0.35,0.3,0.29,0.21
"189",2018-08-01,-0.09,4.15,-0.1,6.8,3.9298,599113.7,0.7,0.68,364099050,2722687661,6051069562,6588892467,37511420,1318.9,203896,50.33,7.66496296296296,26780.0948972,-3.21,38596,72.3711111111111,32,0.27,0.2,0.2,0.21,0.32,0.38,0.34,0.45,0.46,0.35,0.3,0.29
"190",2018-09-01,0.48,4.33,-2.2,2.3,4.1165,576470.3,1.52,1.79,373223537,2768549987,6107351558,6642738040,37662426,3867.9,173174,51.32,8.005712,27230.52833883,3.48,39080,78.738,29,0.35,0.27,0.2,0.21,0.22,0.32,0.38,0.34,0.45,0.46,0.35,0.3
"191",2018-10-01,0.45,4.61,0.8,6.2,3.7584,612014.6,0.89,0.26,368955636,2758971123,6137916038,6629067471,37729031,4418.8,208650,52.42,7.36795,34800.53640952,10.19,39742,81.505,31,0.36,0.35,0.28,0.21,0.23,0.22,0.34,0.38,0.35,0.46,0.45,0.34
"192",2018-11-01,-0.21,4.36,-0.7,5.9,3.7867,607482,-0.49,-1.14,369275906,2767462368,6150787765,6639977745,37792199,2704.4,192120,52.2,6.90274,31507.01560833,2.38,40318,65.6892307692308,29,0.44,0.36,0.35,0.28,0.2,0.23,0.25,0.34,0.38,0.34,0.45,0.45
"193",2018-12-01,0.15,4.41,1,1.8,3.8851,599862.2,-1.08,-0.45,403197275,2851295642,6327699486,6760860118,37449841,5285.3,189373,52.77,6.67539230769231,38481.868996,-1.81,39771,57.3822727272727,29,0.46,0.45,0.35,0.35,0.28,0.19,0.24,0.25,0.34,0.38,0.33,0.45
"194",2019-01-01,0.32,4.56,-0.1,3.4,3.7417,578268.7,0.01,0.07,383047405,2782890822,6247917656,6701921956,37494507,13.7,163779,53.11,6.55827037037037,53384.6534044,10.82,41142,59.0923076923077,40,0.45,0.44,0.45,0.34,0.35,0.28,0.19,0.26,0.26,0.34,0.39,0.33
"195",2019-02-01,0.43,4.47,1.9,7.8,3.7236,576069.7,0.88,1.25,373655326,2789368553,6261466804,6709137534,37687010,1703.6,162508,53.11,6.47964347826087,31675.5151946222,-1.86,41162,63.705652173913,40,0.35,0.43,0.44,0.44,0.29,0.32,0.28,0.18,0.27,0.3,0.33,0.38
"196",2019-03-01,0.75,4.86,-1.1,-3.4,3.8465,601715.6,1.26,1.07,375135896,2826921482,6316011118,6786532799,37648398,2880.8,170450,53.06,6.50012631578947,28802.10820404,-0.18,40938,66.1385714285714,37,0.34,0.35,0.43,0.44,0.41,0.23,0.32,0.27,0.15,0.23,0.27,0.34
"197",2019-04-01,0.57,4.95,3.1,3.2,3.8962,612995.4,0.92,0.9,377238871,2837567785,6329039326,6802015276,37784782,3981.1,189076,53.07,6.5433,43315.52508368,0.98,39534,71.2595,37,0.3,0.34,0.35,0.43,0.45,0.4,0.21,0.3,0.25,0.14,0.22,0.24
"198",2019-05-01,0.13,4.49,-2.8,7,4.0015,615256.9,0.45,0.4,371317822,2858260568,6413435285,6851178385,37825456,3818.9,198756,53.26,6.45295,28883.29161102,0.7,40435,71.1726086956522,36,0.24,0.3,0.35,0.35,0.44,0.45,0.39,0.2,0.26,0.22,0.12,0.18
"199",2019-06-01,0.01,4.25,-1.4,2,3.8588,596890.2,0.8,0.63,373804135,2882284876,6462185630,6884678511,37884986,3603.9,181272,53.85,5.97944210526316,34172.80653342,4.06,38213,64.17,35,0.23,0.23,0.3,0.35,0.35,0.44,0.45,0.4,0.26,0.3,0.25,0.12
"200",2019-07-01,0.19,4.42,0.7,7.7,3.7793,631901.9,0.4,-0.01,376780611,2887325914,6514147980,6915631701,37936611,326.5,195828,54.3,5.53275217391304,40229.09847878,0.84,38265,63.9191304347826,37,0.19,0.22,0.21,0.3,0.35,0.35,0.44,0.45,0.4,0.26,0.3,0.25
"201",2019-08-01,0.11,4.5,-0.1,1.4,4.02,629481.8,-0.67,-0.51,374565903,2910838022,6552928340,7022462550,38064442,1332.6,195905,53.35,5.34949090909091,32745.18212215,-0.67,38613,59.0418181818182,32,0.27,0.2,0.22,0.21,0.3,0.35,0.35,0.43,0.45,0.39,0.24,0.27
"202",2019-09-01,-0.04,4.42,0.4,4.4,4.1215,619164.8,-0.01,0.5,383352236,2954813223,6646055953,7092243208,38226476,2192.5,187780,53.67,5.10439047619048,28340.8939841,3.57,39183,62.8266666666667,30,0.32,0.26,0.19,0.21,0.2,0.3,0.35,0.33,0.41,0.45,0.41,0.24
"203",2019-10-01,0.1,4.17,3.5,5.6,4.087,650447.5,0.68,0.55,385908524,2966159632,6666132060,7090277775,38300634,598.5,204500,54.13,4.54117727272727,36948.31755483,2.36,40959,59.7130434782609,29,0.27,0.31,0.25,0.18,0.2,0.2,0.28,0.34,0.32,0.42,0.42,0.39
"204",2019-11-01,0.51,4.03,-2.5,3.9,4.1553,639072.4,0.3,0.85,391760160,3006693123,6705196896,7159558180,38401231,1816.4,196737,53.79,4.551345,35498.60473161,0.95,41700,63.2119047619048,31,0.4,0.27,0.3,0.25,0.18,0.2,0.2,0.29,0.35,0.32,0.42,0.38
"205",2019-12-01,1.15,4.03,-1.1,4.1,4.1096,637866.1,2.09,1.74,433418158,3099422442,6813474032,7256443849,38093920,4278.2,215154,54.7,4.60427619047619,40036.8574652,6.85,40638,67.1285,27,0.4,0.4,0.27,0.3,0.23,0.18,0.2,0.2,0.28,0.35,0.32,0.43
"206",2020-01-01,0.21,3.91,0.7,3.5,4.1495,615587.2,0.48,0.09,408454118,3032056110,6750429150,7195871247,38205947,-3622.6,154556,53.18,4.43930454545455,61716.5580155,-1.63,41144,63.6454545454545,41,0.4,0.4,0.4,0.27,0.3,0.24,0.19,0.21,0.22,0.28,0.35,0.3
"207",2020-02-01,0.25,3.95,0.6,3,4.341,620047.6,-0.04,0.01,408932481,3043035747,6787939129,7215768079,38423228,716.8,165109,52.52,4.29338333333333,29835.39979049,-8.43,40697,55.702,36,0.3,0.4,0.4,0.45,0.3,0.32,0.25,0.19,0.23,0.25,0.26,0.35
"208",2020-03-01,0.07,3.77,-15.3,-6.4,4.8839,637763.3,1.24,1.64,416408470,3209501552,6874426696,7333256201,38128199,2090.5,131230,50.59,4.00486363636364,30881.35908818,-29.9,40946,32.01,48,0.33,0.3,0.38,0.39,0.45,0.3,0.32,0.26,0.19,0.24,0.26,0.2
"209",2020-04-01,-0.31,3.68,-26.6,-27.4,5.3256,569324.6,0.8,0.05,448853614,3392903309,7041714154,7472991203,37146511,4877.1,39487,51.53,3.154285,35702.38810938,10.25,37116,18.4666666666667,100,0.26,0.32,0.3,0.37,0.37,0.42,0.29,0.3,0.24,0.19,0.22,0.18
"210",2020-05-01,-0.38,3.74,14.1,-16,5.6434,579302.9,0.28,1.07,484120149,3538699264,7210605349,7627555239,36748067,3153.5,44133,53.64,2.75941,25216.79037454,8.57,36051,29.6,72,0.18,0.25,0.3,0.25,0.35,0.37,0.45,0.29,0.3,0.23,0.2,0.25
"211",2020-06-01,0.26,3.52,17,-2.3,5.1966,608890,1.56,1.6,514451009,3633595533,7400929374,7832931679,36694476,5877.6,102379,56.14,2.45830952380952,34449.55206466,8.76,35630,40.2668181818182,49,0.2,0.18,0.23,0.29,0.25,0.35,0.34,0.43,0.26,0.27,0.2,0.16
"212",2020-07-01,0.36,3.33,10.3,1.6,5.2802,645114.8,2.23,2.34,533014391,3718433395,7560493317,7957422496,36802861,6536.9,134927,58,2.44350434782609,36255.68166784,8.27,37715,43.2421739130435,50,0.14,0.2,0.18,0.21,0.26,0.25,0.34,0.33,0.4,0.26,0.24,0.19
"213",2020-08-01,0.24,3.78,2.6,3.8,5.4612,637652.1,2.74,3.87,546062801,3757567018,7689525475,8097711101,37017262,4945.9,142019,58.54,2.41050952380952,30195.71543583,-3.44,39122,44.736,40,0.2,0.13,0.18,0.18,0.22,0.27,0.25,0.33,0.33,0.41,0.25,0.25
"214",2020-09-01,0.64,4.89,4.3,7.4,5.3995,646935.8,4.34,3.3,565746786,3842696583,7752745912,8229714368,37316727,4364.6,161071,59.19,2.61222380952381,32144.41049707,-4.8,40227,40.7396,38,0.25,0.2,0.14,0.18,0.18,0.21,0.27,0.23,0.35,0.31,0.4,0.24
"215",2020-10-01,0.86,6.48,1.1,6.1,5.6258,670125.6,3.23,3.68,579454938,3892841631,7792807281,8289635769,37682634,3683.5,168441,59.08,3.0857,42923.51206768,-0.69,42426,40.1895454545455,43,0.24,0.25,0.2,0.14,0.18,0.18,0.21,0.27,0.24,0.35,0.32,0.44
"216",2020-11-01,0.89,8.3,1.5,4.2,5.4178,676165.2,3.28,2.64,584084142,3922090546,7835982778,8343589906,38058826,1685,177550,60.55,3.20794,36159.56017736,15.9,40986,42.692380952381,31,0.39,0.24,0.25,0.2,0.15,0.19,0.18,0.2,0.3,0.26,0.4,0.39
"217",2020-12-01,1.35,10.16,-0.1,2.8,5.1456,702688,0.96,0.76,619777029,3998221163,8035557724,8446332255,37901367,-1939.4,194626,61.37,3.01415909090909,43048.01217123,9.3,41884,49.8452631578947,27,0.4,0.43,0.25,0.28,0.22,0.16,0.21,0.21,0.21,0.3,0.26,0.38
"218",2021-01-01,0.25,12.01,1.1,-3.1,5.3562,679663.3,2.58,2.91,592242390,3886076220,7988869455,8454294566,38155616,-2618.8,130778,59.71,3.40493,66599.118176,-3.32,42531,54.774,35,0.38,0.39,0.45,0.3,0.3,0.25,0.17,0.22,0.21,0.21,0.31,0.29
"219",2021-02-01,0.86,13.22,-1.2,-1.9,5.4165,706749.2,2.53,2.71,581066612,3883410796,8004776613,8526838222,38553278,-356.7,128068,59.53,3.7759,35475.98400413,-4.37,41254,62.2765,32,0.3,0.4,0.39,0.45,0.3,0.28,0.25,0.18,0.24,0.23,0.22,0.31
"220",2021-03-01,0.93,14.46,-11.5,9.8,5.6461,766209.3,2.94,2.17,578967966,3935393883,8062170326,8657345746,38706761,-514.3,141914,58.6,4.8236,38911.25090204,6,43416,65.41,33,0.32,0.3,0.4,0.39,0.45,0.3,0.27,0.24,0.18,0.26,0.24,0.26
"221",2021-04-01,0.31,16.31,-0.4,40.9,5.5621,732553,1.51,2.22,582626374,3941404119,8132092713,8686640837,38796345,8759,127431,57.82,5.33595,48100.89833776,1.94,42432,64.7609523809524,29,0.25,0.31,0.31,0.4,0.39,0.4679,0.31,0.295,0.246,0.1982,0.2896,0.26
"222",2021-05-01,0.83,18.18,2.1,26.3,5.2911,724657.3,4.1,3.4,582202651,3959086827,8217877065,8772215183,39062715,7376.6,142645,57.71,5.80420952380952,46637.27293855,6.16,40351,68.5133333333333,28,0.22,0.255,0.33,0.3106,0.41,0.4,0.47,0.3,0.3,0.25,0.19,0.3
"223",2021-06-01,0.53,20.92,-1.8,11.5,5.0319,724838.6,0.6,0.11,594844001,4061317241,8345682829,8905135045,39380567,7451.7,133289,58.69,6.44345238095238,42582.6473306,0.46,40179,73.1640909090909,23,0.23,0.2386,0.27,0.3385,0.3105,0.41,0.37,0.45,0.31,0.3224,0.28,0.25
"224",2021-07-01,0.96,22.6,-0.2,7.1,5.1567,754924.4,0.78,1.45,627901673,4111578695,8447830940,9028343889,39686977,6261.9,123573,58.09,6.98685909090909,51599.49840162,-3.94,39941,75.1659090909091,24,0.1852,0.25,0.24,0.2622,0.33,0.31,0.4,0.35,0.46,0.3573,0.3339,0.29
"225",2021-08-01,0.87,22.74,-0.4,-0.1,5.2517,753793.7,0.66,-0.14,623976385,4150515916,8531334851,9164711643,40075160,5670,119798,57.6,7.99840454545455,40611.75645925,-2.48,40629,70.7471428571429,23,0.28,0.2,0.28,0.25,0.27,0.32,0.3004,0.4,0.3866,0.5,0.38,0.36
"226",2021-09-01,1.16,22.06,0.4,-4,5.2797,745774.4,-0.64,-0.55,614143783,4195671424,8583398277,9280648380,40405363,2551.1,109053,56.67,8.72956666666667,40156.36407523,-6.57,41985,74.4886363636364,21,0.34,0.3,0.21,0.31,0.27,0.249,0.3464,0.32,0.45,0.41,0.55,0.4
"227",2021-10-01,1.25,21.22,-0.5,-7,5.54,754484.1,0.64,1.6,604397556,4177585149,8561880135,9333664154,40657879,1367.3,119294,55.78,9.849915,53979.60787814,-6.74,42622,83.5380952380952,20,0.355,0.3568,0.32,0.24,0.34,0.275,0.23,0.365,0.35,0.5,0.44,0.6
"228",2021-11-01,0.95,20.33,0.2,-2.9,5.5569,771279.4,0.02,-0.58,599668025,4187267597,8691065342,9428615562,40971652,-2333.3,125948,55.63,11.98094,43039.96875615,-1.53,41932,81.05,21,0.56,0.4,0.4,0.33,0.2507,0.38,0.3,0.15,0.43,0.4015,0.6,0.535
"229",2021-12-01,0.73,18.65,3.6,-2.7,5.6514,783800.9,0.87,1.25,621391736,4320167468,8814965194,9555234492,40678355,2748.9,156132,55.82,11.5788681818182,53574.50484724,2.85,42937,74.2190909090909,20,0.4,0.58,0.4,0.4192,0.3545,0.2803,0.4106,0.3,0.09,0.47,0.45,0.7
"230",2022-01-01,0.54,17.17,-2.5,-1.5,5.5341,728613.5,1.82,2.01,596517645,4206294859,8711765800,9488551951,40841220,-1353,92206,55.49,12.0508857142857,84823.33351665,6.98,42580,86.5052380952381,34,0.4,0.4,0.58,0.42,0.4192,0.36,0.295,0.425,0.305,0.07,0.5,0.4716
"231",2022-02-01,1.01,16.28,NA,0.3,5.1966,752423.7,1.83,1.5,590881954,4270965320,8734415003,9603103276,41190746,3553.6,100006,56.13,12.3487789473684,41349.51224292,0.89,41966,97.129,30,0.307,0.42,0.4,0.5911,0.42,0.44,0.37,0.32,0.48,0.35,0.065,0.52
"232",2022-03-01,1.62,15.75,NA,5.3,4.9684,834671.4,1.74,2.37,592942148,4370943102,9031763011,9864187068,41288234,6066.5,108230,57.36,12.9950409090909,51108.28766439,6.06,44254,117.245217391304,29,0.31,0.33,0.46,0.4376,0.64,0.45,0.47,0.4,0.35,0.51,0.4,-0.2
"233",2022-04-01,1.06,15,NA,1.6,4.758,815929.9,1.41,0.41,599813109,4437056510,9092619604,9937518162,41491210,6811,109687,57.16,12.9939894736842,61800.79520537,-10.1,43130,104.888,25,0.27,0.34,0.34,0.48,0.46,0.65,0.46,0.46,0.41,0.35,0.53,0.39
"234",2022-05-01,0.47,15.44,NA,-0.7,4.9551,827514.9,0.52,0.69,597297282,4528401923,9186556753,10060371988,41769315,3367.8,139465,57.72,13.3372727272727,54442.34751347,3.22,41998,113.111363636364,26,0.25,0.3,0.37,0.37,0.51,0.5,0.66,0.49,0.49,0.42,0.3637,0.588
"235",2022-06-01,0.67,14.53,NA,-3,5.0492,828392.6,0.59,0.62,601904463,4627983191,9257217628,10144119722,42053792,7330.2,133577,56.85,13.5829428571429,64409.60259782,-11.5,40732,122.710952380952,27,0.3,0.29,0.31,0.4,0.42,0.58,0.575,0.7,0.52,0.52,0.45,0.35
"236",2022-07-01,-0.68,14.07,NA,-6.9,5.3681,860076,0.21,-0.38,598357971,4689343288,9236804120,10177549496,42279575,4135.5,135518,56.38,13.9749,64612.46311007,4.69,41185,111.925714285714,25,0.25,0.309,0.3,0.32,0.42,0.46,0.64,0.654,0.73,0.54,0.54,0.49
"237",2022-08-01,-0.36,13.61,NA,-0.7,5.1433,856919.3,-0.7,-0.55,597174595,4778941120,9502994255,10381807860,42568719,2546.7,155202,56.86,13.4890826086957,53070.83137921,0.19,42084,100.446363636364,26,0.33,0.245,0.3,0.32,0.35,0.45,0.49,0.67,0.705,0.75,0.53,0.5406
"238",2022-09-01,-0.29,13.11,NA,0.9,5.237,826649.4,-0.95,-1.22,593173638,4851377556,9586358012,10467153656,42847208,2052.4,143208,56.92,13.3414142857143,48189.55425122,0.47,42036,89.7495454545455,24,0.4,0.3312,0.24,0.3,0.32,0.3421,0.44,0.4651,0.63,0.59,0.75,0.5
"239",2022-10-01,0.59,12.41,NA,0.3,5.2503,836439.7,-0.97,-0.62,588217413,4856013047,9617747538,10526487549,43009237,2130.6,136997,57.01,13.09535,67642.16353804,5.74,42476,93.3319047619048,23,0.3756,0.399,0.31,0.24,0.29,0.3161,0.34,0.44,0.44,0.61,0.55,0.7
"240",2022-11-01,0.41,11.38,NA,NA,5.2747,832859.3,-0.56,-0.18,587629183,4893001282,9592376055,10546854553,43144732,5140,158766,57.01,13.816565,52089.39779747,-3.06,42763,91.4154545454546,24,0.51,0.35,0.4,0.3,0.234,0.28,0.3229,0.34,0.438,0.43,0.62,0.53
